date,open,close,high,low,volume,money,factor,turnover,turnover_free
2023-03-03,70.3,84.36,84.36,70.3,7861.46,66018.8,1.0,,0.0
2023-03-06,92.8,92.8,92.8,92.8,1445.12,13410.714,1.0,,0.0
2023-03-07,102.08,102.08,102.08,102.08,1630.24,16641.49,1.0,,0.0
2023-03-08,112.29,112.29,112.29,112.29,2680.33,30097.426,1.0,,0.0
2023-03-09,123.52,123.52,123.52,112.58,112448.06,1364713.165,1.0,,0.0
2023-03-10,118.0,116.85,123.0,113.0,82127.73,972373.097,1.0,,0.0
2023-03-13,120.0,128.54,128.54,120.0,69360.63,871310.269,1.0,,0.0
2023-03-14,127.36,137.6,141.28,123.5,71503.03,938220.286,1.0,,0.0
2023-03-15,140.0,141.6,150.8,138.11,56070.08,803692.516,1.0,,0.0
2023-03-16,138.0,137.01,144.7,135.0,51128.3,712603.753,1.0,,0.0
2023-03-17,138.98,139.98,142.0,133.01,46508.59,641591.974,1.0,,0.0
2023-03-20,136.0,128.73,136.7,128.5,50520.83,670077.69,1.0,,0.0
2023-03-21,126.82,128.9,131.19,124.0,48474.02,618757.027,1.0,,0.0
2023-03-22,128.95,125.72,130.71,120.11,44148.71,551222.29,1.0,,0.0
2023-03-23,124.97,118.9,124.97,116.84,47598.7,569645.757,1.0,,0.0
2023-03-24,117.05,114.01,119.55,114.01,36185.44,421882.383,1.0,,0.0
2023-03-27,114.6,114.22,116.77,113.3,24736.82,283911.585,1.0,,0.0
2023-03-28,113.08,112.59,116.13,112.0,25300.02,287647.708,1.0,,0.0
2023-03-29,112.6,117.43,119.19,110.0,44295.07,512363.101,1.0,,0.0
2023-03-30,117.5,118.08,121.89,116.18,39493.31,471052.579,1.0,,0.0
2023-03-31,116.0,112.89,116.78,112.0,33587.86,380713.375,1.0,,0.0
2023-04-03,114.61,114.77,115.59,113.0,30446.27,348184.459,1.0,,0.0
2023-04-04,113.4,119.22,119.25,111.0,43447.83,503340.564,1.0,,0.0
2023-04-06,117.09,124.04,131.14,116.66,51670.95,637124.138,1.0,,0.0
2023-04-07,124.5,122.09,126.36,121.03,29870.4,366629.562,1.0,,0.0
2023-04-10,120.94,114.69,121.18,114.69,28876.84,339865.665,1.0,,0.0
2023-04-11,114.75,115.92,116.75,113.28,17217.54,198167.458,1.0,,0.0
2023-04-12,115.0,122.84,125.28,113.61,36253.45,434015.806,1.0,,0.0
2023-04-13,129.0,128.19,132.3,125.0,48088.57,619793.441,1.0,,0.0
2023-04-14,133.89,141.01,141.01,133.88,41895.58,584235.2,1.0,,0.0
2023-04-17,155.1,155.11,155.11,152.18,14850.44,230159.786,1.0,,0.0
2023-04-18,152.0,147.5,155.0,139.6,61906.28,913827.588,1.0,,0.0
2023-04-19,145.63,147.02,155.15,145.58,48742.96,729214.984,1.0,,0.0
2023-04-20,147.27,154.98,155.0,144.13,40450.11,610368.088,1.0,,0.0
2023-04-21,163.15,158.58,169.2,153.5,44245.9,714105.398,1.0,,0.0
2023-04-24,148.0,144.51,149.97,142.88,30694.33,450374.776,1.0,,0.0
2023-04-25,146.0,150.05,150.36,134.68,32500.4,465728.067,1.0,,0.0
2023-04-26,141.02,137.6,144.36,135.28,28921.05,404291.971,1.0,,0.0
2023-04-27,138.0,135.14,142.99,134.71,22567.4,315053.793,1.0,,0.0
2023-04-28,133.2,136.01,138.5,131.5,17891.65,242319.837,1.0,,0.0
2023-05-04,134.0,127.01,135.3,125.11,20767.41,266933.79,1.0,,0.0
2023-05-05,125.81,121.0,129.5,120.15,19460.02,240338.311,1.0,,0.0
2023-05-08,119.5,121.68,123.0,118.11,13030.68,158147.134,1.0,,0.0
2023-05-09,120.38,123.09,126.64,119.24,19520.0,241326.17,1.0,,0.0
2023-05-10,122.0,114.33,122.5,113.7,21845.85,254423.961,1.0,,0.0
2023-05-11,113.9,117.52,118.43,113.2,18286.1,212730.85,1.0,,0.0
2023-05-12,116.8,115.67,121.8,115.01,17512.0,207246.276,1.0,,0.0
2023-05-15,114.97,121.12,121.26,114.81,17899.4,212349.833,1.0,,0.0
2023-05-16,121.5,127.67,128.88,117.44,26188.65,324555.275,1.0,,0.0
2023-05-17,124.73,125.82,133.0,124.71,19441.0,249057.457,1.0,,0.0
2023-05-18,125.11,126.24,127.03,122.8,14984.0,187407.144,1.0,,0.0
2023-05-19,125.3,134.0,137.07,125.3,23442.9,306001.24,1.0,,0.0
2023-05-22,132.04,127.74,133.99,126.43,15987.4,206278.604,1.0,,0.0
2023-05-23,126.06,126.75,129.49,123.5,10785.0,136367.484,1.0,,0.0
2023-05-24,125.99,130.8,132.98,125.99,16812.0,219136.965,1.0,,0.0
2023-05-25,128.86,126.79,130.34,123.79,18097.0,228528.75,1.0,,0.0
2023-05-26,125.69,124.41,127.6,124.1,13412.4,168976.096,1.0,,0.0
2023-05-29,124.12,125.66,131.01,123.81,15358.2,195380.466,1.0,,0.0
2023-05-30,124.91,133.91,135.98,124.17,27159.25,358086.593,1.0,,0.0
2023-05-31,137.01,137.99,140.0,134.11,28302.65,388947.269,1.0,,0.0
2023-06-01,134.95,135.2,136.03,132.0,20473.97,274349.845,1.0,,0.0
2023-06-02,135.0,132.19,135.0,128.5,18223.0,239655.984,1.0,,0.0
2023-06-05,133.68,133.8,140.0,132.2,22674.94,308623.046,1.0,,0.0
2023-06-06,131.1,128.16,133.15,127.53,16293.0,212846.813,1.0,,0.0
2023-06-07,129.5,132.5,136.5,129.5,24240.65,322616.622,1.0,,0.0
2023-06-08,131.0,132.16,134.5,128.6,15843.96,208597.671,1.0,,0.0
2023-06-09,132.63,129.1,133.99,125.0,21755.49,280194.396,1.0,,0.0
2023-06-12,129.56,132.3,135.85,129.56,20472.0,272028.367,1.0,,0.0
2023-06-13,132.89,134.39,135.9,128.7,20869.0,277153.621,1.0,,0.0
2023-06-14,131.98,128.6,131.98,128.51,20936.0,271461.169,1.0,,0.0
2023-06-15,128.26,120.58,129.5,119.5,29138.29,359432.989,1.0,,0.0
2023-06-16,119.85,120.89,121.0,116.72,14815.0,176456.079,1.0,,0.0
2023-06-19,120.6,121.4,122.0,118.15,12931.15,155982.356,1.0,,0.0
2023-06-20,120.89,119.28,121.59,118.72,9984.68,119449.244,1.0,,0.0
2023-06-21,118.8,114.11,118.8,113.81,13721.15,158389.983,1.0,,0.0
2023-06-26,112.89,112.99,115.2,110.0,11146.53,125450.981,1.0,,0.0
2023-06-27,112.94,113.72,114.8,112.88,6871.0,78073.064,1.0,,0.0
2023-06-28,113.44,119.5,122.79,112.66,20100.91,236884.708,1.0,,0.0
2023-06-29,117.58,116.71,119.54,116.42,12380.0,145421.749,1.0,,0.0
2023-06-30,116.0,118.45,119.13,115.03,9500.0,112022.351,1.0,,0.0
2023-07-03,119.87,117.71,120.64,117.21,8115.97,95945.315,1.0,,0.0
2023-07-04,117.14,119.22,120.79,115.0,13750.0,162561.631,1.0,,0.0
2023-07-05,118.08,114.51,119.23,114.14,11470.0,133631.388,1.0,,0.0
2023-07-06,114.51,115.0,115.86,112.9,6789.0,77755.663,1.0,,0.0
2023-07-07,114.76,112.68,115.63,112.3,8027.6,91090.321,1.0,,0.0
2023-07-10,112.73,112.27,114.37,111.2,5638.0,63469.358,1.0,,0.0
2023-07-11,112.27,114.31,114.48,112.27,8270.0,94240.189,1.0,,0.0
2023-07-12,113.5,110.67,114.0,110.5,8659.6,96945.386,1.0,,0.0
2023-07-13,110.5,112.9,113.65,110.0,7851.0,88288.729,1.0,,0.0
2023-07-14,113.8,119.01,124.19,113.6,32659.55,398079.805,1.0,,0.0
2023-07-17,115.86,115.84,117.98,114.3,18855.78,218206.65,1.0,,0.0
2023-07-18,116.0,116.97,120.88,116.0,21556.18,256040.485,1.0,,0.0
2023-07-19,116.0,115.75,117.49,114.03,10792.28,124652.76,1.0,,0.0
2023-07-20,115.79,111.52,116.8,111.0,14647.0,165779.416,1.0,,0.0
2023-07-21,110.71,112.55,113.7,110.15,8386.0,94214.385,1.0,,0.0
2023-07-24,112.56,110.96,113.2,110.8,7797.0,87063.945,1.0,,0.0
2023-07-25,111.99,114.91,117.49,111.3,16599.7,189512.798,1.0,,0.0
2023-07-26,114.0,115.16,115.97,113.0,11032.55,126680.582,1.0,,0.0
2023-07-27,114.48,112.58,117.58,111.8,14208.0,163060.443,1.0,,0.0
2023-07-28,112.14,112.76,113.5,111.01,8383.55,94112.138,1.0,,0.0
2023-07-31,112.66,111.7,113.45,110.8,11935.01,133597.749,1.0,,0.0
2023-08-01,111.79,112.17,112.23,110.55,5135.0,57259.446,1.0,,0.0
2023-08-02,111.51,111.41,113.46,110.99,8075.0,90571.745,1.0,,0.0
2023-08-03,111.01,102.78,111.85,102.22,14461.0,154954.406,1.0,,0.0
2023-08-04,101.3,98.4,103.01,96.54,21176.5,209489.005,1.0,,0.0
2023-08-07,97.52,97.4,98.32,97.22,7629.0,74449.931,1.0,,0.0
2023-08-08,97.2,95.92,98.21,95.55,8029.0,77974.811,1.0,,0.0
2023-08-09,95.0,95.78,96.2,94.0,9348.0,88882.97,1.0,,0.0
2023-08-10,95.8,96.44,97.29,95.52,7424.76,71687.462,1.0,,0.0
2023-08-11,96.44,93.32,96.44,93.0,8366.0,79019.941,1.0,,0.0
2023-08-14,92.37,93.85,93.86,91.76,8611.55,79649.187,1.0,,0.0
2023-08-15,94.0,91.61,94.49,90.83,7297.0,67083.389,1.0,,0.0
2023-08-16,91.63,90.0,92.62,89.89,7224.0,65602.524,1.0,,0.0
2023-08-17,89.63,91.65,92.17,89.03,8093.0,73581.304,1.0,,0.0
2023-08-18,91.7,90.15,92.69,90.06,6253.0,57293.195,1.0,,0.0
2023-08-21,90.27,90.44,91.72,90.08,4604.0,41788.32,1.0,,0.0
2023-08-22,90.58,91.29,92.2,87.63,10321.0,92778.774,1.0,,0.0
2023-08-23,90.51,87.77,90.7,87.65,5782.76,51613.979,1.0,,0.0
2023-08-24,88.62,89.85,92.49,88.11,9287.0,83833.512,1.0,,0.0
2023-08-25,88.96,85.5,88.99,85.13,7775.14,67281.442,1.0,,0.0
2023-08-28,90.9,85.78,90.9,85.3,8210.0,71731.109,1.0,,0.0
2023-08-29,84.0,89.9,90.4,82.0,13086.64,114891.59,1.0,,0.0
2023-08-30,91.7,93.03,95.38,91.5,14447.0,134756.679,1.0,,0.0
2023-08-31,92.04,94.4,94.79,92.04,9858.0,92550.925,1.0,,0.0
2023-09-01,93.8,95.32,97.88,93.8,11912.0,114629.997,1.0,,0.0
2023-09-04,95.5,98.59,98.59,95.32,11079.0,107661.342,1.0,,0.0
2023-09-05,98.03,98.29,100.05,96.75,11518.0,113085.683,1.0,,0.0
2023-09-06,99.46,101.96,103.0,98.72,16630.0,167893.239,1.0,,0.0
2023-09-07,100.07,97.2,100.41,96.77,14198.0,139402.39,1.0,,0.0
2023-09-08,95.91,96.45,99.81,95.88,10816.0,105840.654,1.0,,0.0
2023-09-11,96.2,97.3,99.3,95.22,9010.5,87647.916,1.0,,0.0
2023-09-12,97.32,95.63,97.79,95.4,6691.5,64264.142,1.0,,0.0
2023-09-13,95.3,93.58,95.6,92.63,5595.0,52374.411,1.0,,0.0
2023-09-14,94.8,91.39,94.85,90.39,5972.0,54965.793,1.0,,0.0
2023-09-15,91.92,90.71,93.3,89.51,7301.0,66604.081,1.0,,0.0
2023-09-18,90.67,90.02,91.3,89.37,3921.0,35416.43,1.0,,0.0
2023-09-19,90.02,87.56,90.42,86.99,6148.0,54217.702,1.0,,0.0
2023-09-20,87.56,85.56,88.9,85.51,5252.0,45461.843,1.0,,0.0
2023-09-21,85.19,84.95,85.88,84.07,5456.0,46349.552,1.0,,0.0
2023-09-22,85.05,86.5,86.75,84.14,6713.0,57620.883,1.0,,0.0
2023-09-25,86.37,84.48,86.4,84.23,6048.0,51288.986,1.0,,0.0
2023-09-26,84.32,83.03,84.58,83.01,6018.0,50230.774,1.0,,0.0
2023-09-27,83.03,83.26,84.62,82.7,5211.0,43587.721,1.0,,0.0
2023-09-28,83.8,84.9,86.55,82.63,9953.0,84088.602,1.0,,0.0
2023-10-09,84.12,83.85,85.39,83.2,6141.0,51651.499,1.0,,0.0
2023-10-10,84.21,84.86,85.9,84.11,6924.0,58987.505,1.0,,0.0
2023-10-11,84.82,87.09,87.29,84.0,8897.0,76590.511,1.0,,0.0
2023-10-12,86.65,87.92,88.49,85.36,8268.0,71680.646,1.0,,0.0
2023-10-13,87.0,86.85,87.48,86.26,5364.0,46534.858,1.0,,0.0
2023-10-16,86.85,84.6,87.68,84.34,4855.0,41328.335,1.0,,0.0
2023-10-17,84.6,85.19,85.55,84.09,4104.0,34819.878,1.0,,0.0
2023-10-18,85.0,83.42,85.99,83.4,4305.0,36315.67,1.0,,0.0
2023-10-19,82.57,85.85,91.75,81.9,15991.0,139703.755,1.0,,0.0
2023-10-20,85.15,83.79,90.32,83.63,14378.0,124277.314,1.0,,0.0
2023-10-23,82.25,79.74,83.0,78.97,9399.0,75636.461,1.0,,0.0
2023-10-24,80.22,84.86,87.71,78.4,21001.0,179374.039,1.0,,0.0
2023-10-25,84.0,84.27,85.87,82.52,16938.0,141931.497,1.0,,0.0
2023-10-26,83.49,84.59,85.88,82.85,10451.0,88314.602,1.0,,0.0
2023-10-27,83.62,84.57,85.49,81.84,11840.74,98707.975,1.0,,0.0
2023-10-30,84.0,88.78,90.01,83.62,14888.0,130366.831,1.0,,0.0
2023-10-31,88.65,87.3,89.87,86.77,8433.0,74063.98,1.0,,0.0
2023-11-01,87.8,87.1,88.78,86.58,5272.0,46136.561,1.0,,0.0
2023-11-02,87.99,84.15,88.39,84.08,7461.0,63891.064,1.0,,0.0
2023-11-03,84.15,92.57,92.57,83.8,18892.0,168942.695,1.0,,0.0
2023-11-06,92.5,93.2,93.44,91.33,18164.0,168111.752,1.0,,0.0
2023-11-07,93.19,93.8,95.98,92.08,17887.76,167485.661,1.0,,0.0
2023-11-08,93.86,98.2,101.52,92.51,28830.22,281861.648,1.0,,0.0
2023-11-09,97.88,96.92,101.67,96.58,20794.0,205712.903,1.0,,0.0
2023-11-10,96.1,97.0,99.83,95.77,12815.72,124795.409,1.0,,0.0
2023-11-13,97.0,96.0,97.85,94.71,9638.0,92176.198,1.0,,0.0
2023-11-14,95.4,97.74,99.39,95.04,11326.0,109898.558,1.0,,0.0
2023-11-15,98.5,96.91,99.0,95.9,9517.21,92366.543,1.0,,0.0
2023-11-16,96.3,94.39,96.84,93.98,6617.0,62908.041,1.0,,0.0
2023-11-17,93.99,95.59,96.17,93.6,5648.0,53694.368,1.0,,0.0
2023-11-20,95.66,99.26,99.3,95.03,12343.0,120591.266,1.0,,0.0
2023-11-21,101.27,96.2,101.38,96.11,14513.0,142163.024,1.0,,0.0
2023-11-22,95.29,95.6,97.99,94.34,7338.72,70190.165,1.0,,0.0
2023-11-23,94.53,94.66,95.96,93.61,5958.72,56322.553,1.0,,0.0
2023-11-24,94.7,91.82,94.7,91.6,5816.0,53765.748,1.0,,0.0
2023-11-27,91.13,93.49,95.1,91.0,7251.0,67402.186,1.0,,0.0
2023-11-28,92.6,92.82,94.99,91.89,5004.0,46631.037,1.0,,0.0
2023-11-29,93.5,92.41,95.82,92.2,6012.0,56390.232,1.0,,0.0
2023-11-30,92.48,90.38,92.48,89.07,6640.0,59892.403,1.0,,0.0
2023-12-01,90.27,90.56,90.99,88.8,4715.63,42364.17,1.0,,0.0
2023-12-04,90.0,89.6,90.84,89.39,3299.0,29705.457,1.0,,0.0
2023-12-05,89.19,86.9,89.55,86.76,4798.63,42134.572,1.0,,0.0
2023-12-06,86.38,86.6,87.8,86.11,4188.0,36386.796,1.0,,0.0
2023-12-07,86.6,86.18,86.88,85.5,4042.02,34822.632,1.0,,0.0
2023-12-08,86.98,88.5,90.18,86.97,9798.0,86852.284,1.0,,0.0
2023-12-11,87.56,89.39,90.28,87.03,6442.0,57366.113,1.0,,0.0
2023-12-12,89.39,88.66,90.33,88.18,3694.0,32890.018,1.0,,0.0
2023-12-13,88.66,87.24,88.66,87.05,3274.0,28718.066,1.0,,0.0
2023-12-14,87.45,85.73,88.19,85.69,3989.0,34540.271,1.0,,0.0
2023-12-15,85.96,84.84,86.0,84.05,3311.0,28119.853,1.0,,0.0
2023-12-18,84.59,82.53,84.66,82.48,3219.0,26813.618,1.0,,0.0
2023-12-19,82.53,83.57,85.7,82.45,3778.33,31631.063,1.0,,0.0
2023-12-20,84.0,83.82,85.68,82.83,4228.41,35545.759,1.0,,0.0
2023-12-21,83.0,85.54,85.56,82.44,5438.04,45772.717,1.0,,0.0
2023-12-22,84.81,83.23,85.21,83.02,4041.0,33917.553,1.0,,0.0
2023-12-25,83.0,82.28,83.84,82.08,2441.0,20174.982,1.0,,0.0
2023-12-26,82.2,81.11,82.32,80.58,2593.0,21048.767,1.0,,0.0
2023-12-27,81.8,89.22,89.22,80.17,11700.63,101634.505,1.0,,0.0
2023-12-28,90.5,91.5,92.77,89.39,16809.96,153291.517,1.0,,0.0
2023-12-29,90.4,94.98,98.33,89.6,18807.16,174911.732,1.0,,0.0
2024-01-02,93.8,91.28,93.8,91.0,9348.0,85586.373,1.0,,0.0
2024-01-03,90.96,90.26,92.21,88.6,8586.76,77350.176,1.0,,0.0
2024-01-04,89.98,88.8,90.0,88.0,6523.86,57894.661,1.0,,0.0
2024-01-05,88.71,85.1,90.72,84.5,9250.76,80594.285,1.0,,0.0
2024-01-08,85.69,82.31,85.69,82.2,6048.0,50365.794,1.0,,0.0
2024-01-09,82.61,81.49,84.6,81.08,8426.1,69539.509,1.0,,0.0
2024-01-10,81.04,81.54,83.94,79.26,11897.0,97104.491,1.0,,0.0
2024-01-11,81.0,82.37,82.59,80.5,10246.0,83717.576,1.0,,0.0
2024-01-12,81.6,79.97,83.19,79.53,11717.0,95250.125,1.0,,0.0
2024-01-15,79.4,79.01,80.0,75.98,10153.0,79245.938,1.0,,0.0
2024-01-16,78.55,77.56,79.63,76.18,6246.0,48514.461,1.0,,0.0
2024-01-17,78.0,75.37,78.0,75.37,4598.0,35218.231,1.0,,0.0
2024-01-18,74.9,75.83,76.89,73.23,8021.23,59798.411,1.0,,0.0
2024-01-19,75.91,74.88,77.68,74.88,6471.0,49247.842,1.0,,0.0
2024-01-22,74.37,69.1,75.69,67.53,8586.0,61524.44,1.0,,0.0
2024-01-23,68.64,69.69,71.2,67.56,7430.13,51840.028,1.0,,0.0
2024-01-24,70.12,68.37,70.75,66.1,8906.58,60493.666,1.0,,0.0
2024-01-25,68.35,71.86,72.45,67.55,10519.0,73984.428,1.0,,0.0
2024-01-26,71.4,69.06,71.57,68.77,7516.0,52671.21,1.0,,0.0
2024-01-29,69.0,66.99,70.5,66.62,5599.0,38291.397,1.0,,0.0
2024-01-30,67.0,63.74,67.0,63.39,6938.83,45083.788,1.0,,0.0
2024-01-31,63.7,59.57,64.29,59.52,7590.0,46689.421,1.0,,0.0
2024-02-01,59.0,61.34,62.47,58.58,8560.0,51993.886,1.0,,0.0
2024-02-02,61.98,63.93,64.99,61.79,13296.0,83782.797,1.0,,0.0
2024-02-05,64.0,62.5,65.2,60.0,12274.0,77232.442,1.0,,0.0
2024-02-06,61.0,66.0,68.18,60.23,12040.46,77545.162,1.0,,0.0
2024-02-07,66.01,65.28,66.59,63.45,9788.8,63634.803,1.0,,0.0
2024-02-08,65.08,68.28,68.8,63.99,10367.92,68998.036,1.0,,0.0
2024-02-19,69.0,69.34,70.5,67.84,9533.01,65929.193,1.0,,0.0
2024-02-20,68.4,68.59,69.34,67.11,5468.32,37270.465,1.0,,0.0
2024-02-21,68.5,68.95,70.47,67.32,6825.83,47128.819,1.0,,0.0
2024-02-22,68.19,69.47,69.98,68.19,5294.69,36634.22,1.0,,0.0
2024-02-23,69.12,69.6,69.88,68.2,7200.84,49677.303,1.0,,0.0
2024-02-26,69.08,74.48,76.56,69.02,14777.0,108223.4,1.0,,0.0
2024-02-27,72.9,74.44,74.8,71.83,11373.0,83230.58,1.0,,0.0
2024-02-28,74.4,68.76,74.5,68.0,11556.0,82943.49,1.0,,0.0
2024-02-29,67.01,71.5,72.96,67.01,11104.6,79097.154,1.0,,0.0
2024-03-01,71.71,71.13,72.83,70.3,9112.0,65056.386,1.0,,0.0
2024-03-04,71.39,72.68,73.6,70.68,8195.11,59381.279,1.0,,0.0
2024-03-05,72.0,70.81,73.36,70.5,6880.0,49356.928,1.0,,0.0
2024-03-06,69.64,70.15,70.81,69.03,5656.0,39510.853,1.0,,0.0
2024-03-07,70.13,71.0,73.99,70.13,11206.53,80905.721,1.0,,0.0
2024-03-08,71.16,70.96,72.49,68.88,9758.53,68731.362,1.0,,0.0
2024-03-11,70.05,70.6,70.64,69.7,7744.12,54298.833,1.0,,0.0
2024-03-12,70.9,73.58,75.95,70.7,17545.12,128512.017,1.0,,0.0
2024-03-13,73.39,72.5,73.6,72.02,9912.0,72059.248,1.0,,0.0
2024-03-14,72.5,72.7,73.38,71.6,9316.0,67494.351,1.0,,0.0
2024-03-15,72.75,73.09,73.65,72.21,8077.0,58866.685,1.0,,0.0
2024-03-18,73.1,73.5,73.5,72.4,8540.88,62368.389,1.0,,0.0
2024-03-19,73.4,74.11,75.5,73.2,12598.41,93920.199,1.0,,0.0
2024-03-20,73.92,76.8,79.5,73.69,13386.53,102557.792,1.0,,0.0
2024-03-21,76.68,77.41,79.55,76.41,12022.6,93955.512,1.0,,0.0
2024-03-22,76.66,79.82,82.01,76.6,20031.8,161131.933,1.0,,0.0
2024-03-25,79.3,74.87,79.5,74.44,14774.11,113163.904,1.0,,0.0
2024-03-26,74.67,75.3,76.84,74.25,8697.7,65621.16,1.0,,0.0
2024-03-27,75.0,72.06,75.35,72.06,8283.7,61273.451,1.0,,0.0
2024-03-28,71.99,74.2,75.1,71.99,6665.65,49426.179,1.0,,0.0
2024-03-29,74.2,76.19,76.36,73.5,6902.78,51886.721,1.0,,0.0
2024-04-01,76.05,75.99,76.47,74.83,6107.0,46122.322,1.0,,0.0
2024-04-02,76.09,76.7,78.36,76.0,8599.0,66553.441,1.0,,0.0
2024-04-03,76.19,76.0,77.86,74.4,5201.0,39566.186,1.0,,0.0
2024-04-08,74.88,74.28,76.48,74.0,3186.86,23883.36,1.0,,0.0
2024-04-09,74.0,75.48,75.8,73.76,2922.86,21919.446,1.0,,0.0
2024-04-10,75.1,71.98,75.1,70.88,5841.86,42478.774,1.0,,0.0
2024-04-11,71.5,69.98,72.98,69.98,3828.72,27463.827,1.0,,0.0
2024-04-12,68.94,66.94,69.32,66.66,7237.53,48959.537,1.0,,0.0
2024-04-15,66.99,64.19,67.6,62.53,6645.98,43278.083,1.0,,0.0
2024-04-16,63.21,64.19,67.0,59.9,8162.0,50527.259,1.0,,0.0
2024-04-17,63.27,65.4,65.79,63.15,5598.83,36398.273,1.0,,0.0
2024-04-18,64.86,63.21,65.4,63.0,6283.0,40087.837,1.0,,0.0
2024-04-19,62.96,61.01,62.96,60.8,4433.0,27193.392,1.0,,0.0
2024-04-22,60.1,58.2,60.3,57.51,7760.0,45489.761,1.0,,0.0
2024-04-23,58.2,58.81,58.81,57.68,4528.0,26402.35,1.0,,0.0
2024-04-24,58.4,59.85,59.9,58.4,4352.0,25832.078,1.0,,0.0
2024-04-25,59.66,60.75,61.17,59.09,4166.0,25201.765,1.0,,0.0
2024-04-26,60.75,61.32,61.68,59.7,4909.0,29949.168,1.0,,0.0
2024-04-29,60.3,63.05,63.49,60.3,7483.8,46827.98,1.0,,0.0
2024-04-30,63.15,62.22,63.3,61.4,4450.8,27671.791,1.0,,0.0
2024-05-06,63.21,64.15,64.6,63.01,5497.8,35169.374,1.0,,0.0
2024-05-07,64.2,64.34,64.68,63.7,3571.11,22915.805,1.0,,0.0
2024-05-08,64.44,63.79,64.44,63.35,3185.0,20313.247,1.0,,0.0
2024-05-09,64.0,70.17,70.17,63.83,12505.21,84570.76,1.0,,0.0
2024-05-10,71.0,67.93,72.0,67.36,14358.21,99249.274,1.0,,0.0
2024-05-13,67.56,66.0,68.53,65.68,8127.66,54065.422,1.0,,0.0
2024-05-14,66.52,66.02,67.5,65.1,6181.8,41054.45,1.0,,0.0
2024-05-15,65.5,66.27,67.1,64.9,6457.0,42707.859,1.0,,0.0
2024-05-16,66.24,66.1,66.98,65.72,5296.15,35144.975,1.0,,0.0
2024-05-17,66.0,65.75,66.0,65.0,4643.0,30363.754,1.0,,0.0
2024-05-20,66.0,65.09,66.8,65.0,6135.15,40355.386,1.0,,0.0
2024-05-21,64.84,65.4,65.56,64.12,3688.0,23959.124,1.0,,0.0
2024-05-22,65.1,64.34,65.48,62.72,7342.0,47022.065,1.0,,0.0
2024-05-23,64.05,63.06,64.82,62.99,4196.0,26676.596,1.0,,0.0
2024-05-24,63.03,61.38,63.1,61.29,4683.0,28973.63,1.0,,0.0
2024-05-27,61.38,63.26,63.37,60.05,7933.27,48994.605,1.0,,0.0
2024-05-28,62.96,63.11,65.28,62.42,7554.0,48360.333,1.0,,0.0
2024-05-29,62.8,62.45,63.9,62.05,4517.0,28400.66,1.0,,0.0
2024-05-30,62.1,63.13,63.87,61.22,5681.0,35769.751,1.0,,0.0
2024-05-31,63.33,63.79,64.21,63.01,4663.0,29719.834,1.0,,0.0
2024-06-03,64.0,63.9,65.18,63.33,5526.0,35484.083,1.0,,0.0
2024-06-04,63.46,62.47,63.46,62.21,5111.0,31991.061,1.0,,0.0
2024-06-05,62.87,65.98,67.0,62.21,13323.0,87266.004,1.0,,0.0
2024-06-06,65.39,64.5,66.99,63.69,10208.0,66625.973,1.0,,0.0
2024-06-07,64.7,64.39,66.36,63.71,6995.0,45427.846,1.0,,0.0
2024-06-11,64.01,66.95,70.83,63.03,20677.0,138616.33,1.0,,0.0
2024-06-12,66.8,66.08,66.84,65.57,12075.0,79834.068,1.0,,0.0
2024-06-13,66.5,67.81,69.6,65.39,22094.0,148169.141,1.0,,0.0
2024-06-14,66.5,70.74,70.79,65.1,22568.0,153308.448,1.0,,0.0
2024-06-17,69.3,69.69,70.54,68.93,13076.0,91105.944,1.0,,0.0
2024-06-18,69.01,69.32,70.5,69.01,9631.0,67015.479,1.0,,0.0
2024-06-19,69.0,69.36,69.69,67.71,9441.0,64729.776,1.0,,0.0
2024-06-20,68.8,71.66,73.28,68.43,19072.0,136367.813,1.0,,0.0
2024-06-21,71.33,69.56,71.33,68.7,12222.0,84944.155,1.0,,0.0
2024-06-24,69.45,66.17,69.5,64.99,9395.0,63602.882,1.0,,0.0
2024-06-25,65.2,62.54,65.6,62.53,7901.0,50287.813,1.0,,0.0
2024-06-26,61.94,66.41,67.5,61.88,9080.0,58550.962,1.0,,0.0
2024-06-27,65.66,64.24,67.9,64.21,7688.21,50529.992,1.0,,0.0
2024-06-28,64.56,64.28,65.54,63.61,4904.0,31741.512,1.0,,0.0
2024-07-01,64.39,63.5,64.39,62.81,4702.0,29883.736,1.0,,0.0
2024-07-02,63.33,61.41,63.85,61.26,7635.0,47406.118,1.0,,0.0
2024-07-03,61.2,62.1,63.3,59.7,7963.0,48819.272,1.0,,0.0
2024-07-04,61.6,58.58,62.24,58.53,7676.0,46161.825,1.0,,0.0
2024-07-05,58.49,57.58,58.5,57.0,6387.0,36739.098,1.0,,0.0
2024-07-08,56.81,57.35,58.5,56.81,3917.0,22567.562,1.0,,0.0
2024-07-09,57.2,60.03,62.62,57.0,10792.0,64862.008,1.0,,0.0
2024-07-10,59.47,59.13,60.34,59.13,5671.0,33780.52,1.0,,0.0
2024-07-11,60.08,60.31,60.86,59.0,4837.0,29096.635,1.0,,0.0
2024-07-12,60.5,60.49,60.79,59.7,4051.0,24402.199,1.0,,0.0
2024-07-15,60.01,60.65,61.78,60.01,4754.26,29011.083,1.0,,0.0
2024-07-16,60.1,62.1,62.43,60.09,6599.0,40652.94,1.0,,0.0
2024-07-17,61.68,61.44,62.83,61.29,4846.0,30036.344,1.0,,0.0
2024-07-18,61.04,61.16,61.8,59.0,5670.0,34246.911,1.0,,0.0
2024-07-19,60.6,62.79,63.58,60.17,8027.26,50272.395,1.0,,0.0
2024-07-22,62.28,63.67,64.2,62.28,6318.0,40120.848,1.0,,0.0
2024-07-23,63.3,60.3,63.62,60.01,5745.0,35425.249,1.0,,0.0
2024-07-24,60.0,58.6,61.1,58.49,6504.0,38719.614,1.0,,0.0
2024-07-25,58.0,58.65,59.74,57.62,4395.0,25809.773,1.0,,0.0
2024-07-26,58.67,59.09,59.69,58.15,3150.63,18549.727,1.0,,0.0
2024-07-29,59.31,58.55,59.87,58.53,3029.0,17890.879,1.0,,0.0
2024-07-30,58.68,59.53,59.53,56.82,6634.0,38567.737,1.0,,0.0
2024-07-31,59.1,62.4,62.6,58.8,8587.69,52519.832,1.0,,0.0
2024-08-01,65.51,63.35,66.17,62.74,17288.0,110556.815,1.0,,0.0
2024-08-02,63.0,62.12,64.57,62.11,8566.0,54131.244,1.0,,0.0
2024-08-05,65.89,62.81,66.0,62.44,12649.0,80234.854,1.0,,0.0
2024-08-06,62.71,63.1,63.54,62.25,7229.0,45441.328,1.0,,0.0
2024-08-07,63.07,61.77,63.44,61.46,5377.0,33468.608,1.0,,0.0
2024-08-08,61.26,62.18,63.88,60.71,7471.0,46471.978,1.0,,0.0
2024-08-09,62.0,61.34,63.5,61.3,5183.0,32344.609,1.0,,0.0
2024-08-12,60.9,59.6,61.82,59.0,4985.0,29981.937,1.0,,0.0
2024-08-13,59.0,60.3,60.6,59.0,3461.0,20782.048,1.0,,0.0
2024-08-14,60.22,62.01,65.44,60.22,13262.0,83741.172,1.0,,0.0
2024-08-15,61.08,60.71,61.56,60.01,8654.0,52508.846,1.0,,0.0
2024-08-16,60.74,62.31,64.0,59.72,12113.0,74971.812,1.0,,0.0
2024-08-19,61.12,63.46,63.98,60.72,11231.0,70455.447,1.0,,0.0
2024-08-20,62.83,61.15,63.2,60.98,7820.0,48367.132,1.0,,0.0
2024-08-21,61.3,64.53,65.98,60.9,20102.0,129562.888,1.0,,0.0
2024-08-22,63.94,62.82,64.77,62.4,11092.0,70582.197,1.0,,0.0
2024-08-23,62.82,60.22,64.11,60.2,12680.0,78084.453,1.0,,0.0
2024-08-26,60.04,62.63,64.5,59.51,14429.0,90749.968,1.0,,0.0
2024-08-27,62.63,61.16,63.47,61.13,7348.6,45573.594,1.0,,0.0
2024-08-28,61.0,61.08,62.42,60.81,7108.0,43611.497,1.0,,0.0
2024-08-29,60.6,63.07,64.32,59.39,12812.0,79349.279,1.0,,0.0
2024-08-30,62.88,63.73,64.7,62.58,10317.0,65962.025,1.0,,0.0
2024-09-02,63.43,61.63,63.72,61.53,7668.0,47830.479,1.0,,0.0
2024-09-03,61.63,61.42,62.36,61.2,5953.0,36668.927,1.0,,0.0
2024-09-04,60.88,60.84,61.77,60.35,5957.0,36293.697,1.0,,0.0
2024-09-05,60.6,60.6,61.31,60.31,5370.0,32611.093,1.0,,0.0
2024-09-06,60.6,59.0,60.79,58.75,8287.0,49250.967,1.0,,0.0
2024-09-09,58.59,59.42,60.1,58.2,4450.0,26436.382,1.0,,0.0
2024-09-10,58.99,60.07,60.49,58.9,3607.0,21465.293,1.0,,0.0
2024-09-11,59.55,59.76,60.42,59.5,2591.0,15525.372,1.0,,0.0
2024-09-12,59.88,59.08,60.17,59.01,3489.0,20803.818,1.0,,0.0
2024-09-13,58.9,56.6,59.43,56.27,7320.0,42232.595,1.0,,0.0
2024-09-18,56.6,56.08,56.98,55.59,3425.0,19253.123,1.0,,0.0
2024-09-19,56.09,57.08,57.44,56.09,3442.14,19549.452,1.0,,0.0
2024-09-20,56.6,56.07,57.28,55.8,3221.14,18110.394,1.0,,0.0
2024-09-23,55.98,55.7,56.6,55.64,3224.0,18054.934,1.0,,0.0
2024-09-24,55.88,57.0,57.0,53.8,9574.0,53246.105,1.0,,0.0
2024-09-25,57.2,57.29,58.49,56.99,8244.01,47562.941,1.0,,0.0
2024-09-26,56.81,58.66,58.66,56.6,8663.0,49916.551,1.0,,0.0
2024-09-27,59.2,61.17,61.3,59.0,13138.01,78981.536,1.0,,0.0
2024-09-30,63.42,67.29,67.29,61.64,30466.7,197834.388,1.0,,0.0
2024-10-08,74.02,74.02,74.02,70.71,41202.76,302212.981,1.0,,0.0
2024-10-09,70.7,70.03,75.2,68.03,41466.01,298809.074,1.0,,0.0
2024-10-10,70.11,68.27,71.19,66.8,21932.27,150363.467,1.0,,0.0
2024-10-11,68.11,68.28,70.23,65.65,24078.0,162780.552,1.0,,0.0
2024-10-14,68.0,69.47,69.55,65.01,21971.27,147794.814,1.0,,0.0
2024-10-15,68.92,70.0,71.97,67.51,22921.8,160311.335,1.0,,0.0
2024-10-16,68.2,69.19,69.85,68.0,10716.34,73855.142,1.0,,0.0
2024-10-17,69.9,76.11,76.11,69.8,53950.78,403101.351,1.0,,0.0
2024-10-18,77.0,83.72,83.72,74.4,51949.03,413751.481,1.0,,0.0
2024-10-21,87.0,85.95,92.09,85.95,72272.48,647959.289,1.0,,0.0
2024-10-22,82.53,82.93,88.0,81.43,39386.32,329450.245,1.0,,0.0
2024-10-23,81.6,80.98,84.99,80.82,32169.74,266015.339,1.0,,0.0
2024-10-24,80.4,79.81,80.91,77.77,30935.0,244665.638,1.0,,0.0
2024-10-25,79.4,80.8,82.38,78.25,23173.16,186258.131,1.0,,0.0
2024-10-28,80.03,82.36,82.55,78.88,24352.83,198030.697,1.0,,0.0
2024-10-29,80.0,81.9,85.1,79.0,27873.0,231048.055,1.0,,0.0
2024-10-30,81.09,76.87,81.09,75.56,28187.75,219464.197,1.0,,0.0
2024-10-31,75.8,84.56,84.56,75.21,32674.0,263970.483,1.0,,0.0
2024-11-01,85.99,79.65,86.0,78.45,24386.75,197483.783,1.0,,0.0
2024-11-04,79.97,79.0,81.23,78.67,17919.0,142540.351,1.0,,0.0
2024-11-05,79.12,84.16,84.5,78.9,29059.86,240050.455,1.0,,0.0
2024-11-06,84.21,83.07,85.21,82.4,21078.0,176375.138,1.0,,0.0
2024-11-07,82.52,82.99,85.36,81.02,19631.0,163075.915,1.0,,0.0
2024-11-08,83.31,87.3,89.89,83.29,32584.0,281830.961,1.0,,0.0
2024-11-11,88.03,91.99,94.86,88.03,28347.05,259841.122,1.0,,0.0
2024-11-12,91.99,87.65,92.54,86.21,19265.25,170677.635,1.0,,0.0
2024-11-13,87.0,86.75,87.3,84.51,13994.0,120046.895,1.0,,0.0
2024-11-14,86.02,84.53,87.99,84.36,14694.2,126559.171,1.0,,0.0
2024-11-15,83.65,79.3,85.0,79.25,14153.25,115561.33,1.0,,0.0
2024-11-18,79.17,74.3,79.44,73.82,18475.75,140905.703,1.0,,0.0
2024-11-19,74.45,76.8,76.93,74.23,10323.21,78014.255,1.0,,0.0
2024-11-20,76.0,79.34,79.86,75.9,13088.41,102257.181,1.0,,0.0
2024-11-21,79.38,79.98,82.97,79.3,15733.21,127596.98,1.0,,0.0
2024-11-22,78.9,76.55,83.2,76.2,16588.75,132602.551,1.0,,0.0
2024-11-25,76.53,76.5,78.47,74.8,8685.0,66041.969,1.0,,0.0
2024-11-26,76.01,75.2,77.95,75.14,5748.0,43691.899,1.0,,0.0
2024-11-27,75.11,76.3,76.4,72.5,10555.0,78338.931,1.0,,0.0
2024-11-28,76.1,75.44,77.3,75.01,7267.0,55292.87,1.0,,0.0
2024-11-29,75.39,78.5,78.52,74.31,11642.0,89609.359,1.0,,0.0
2024-12-02,78.44,83.2,85.03,78.44,20490.0,169933.502,1.0,,0.0
2024-12-03,83.31,82.0,84.0,81.56,9913.0,81794.431,1.0,,0.0
2024-12-04,83.48,79.89,83.77,78.9,11227.51,91037.302,1.0,,0.0
2024-12-05,78.8,79.6,80.96,78.8,5686.0,45425.043,1.0,,0.0
2024-12-06,79.81,79.95,80.77,77.61,7284.0,57827.909,1.0,,0.0
2024-12-09,79.96,78.25,79.96,77.28,9966.0,77948.894,1.0,,0.0
2024-12-10,80.5,79.54,80.9,79.0,8476.0,67780.487,1.0,,0.0
2024-12-11,79.4,80.4,80.9,78.69,7937.0,63539.138,1.0,,0.0
2024-12-12,80.4,79.25,80.4,78.52,6303.0,49874.696,1.0,,0.0
2024-12-13,78.9,76.0,78.9,75.88,13228.0,101905.396,1.0,,0.0
2024-12-16,76.0,74.72,76.49,74.21,7635.0,57248.113,1.0,,0.0
2024-12-17,74.01,71.25,75.2,71.19,9444.0,68865.148,1.0,,0.0
2024-12-18,72.06,72.72,73.45,70.3,8986.51,64444.548,1.0,,0.0
2024-12-19,71.75,72.93,73.3,71.5,5963.51,43216.956,1.0,,0.0
2024-12-20,73.0,74.98,75.89,72.28,9187.0,68481.129,1.0,,0.0
2024-12-23,75.04,72.5,75.32,72.33,8084.8,59399.814,1.0,,0.0
2024-12-24,73.0,73.62,73.88,72.23,6023.0,44093.214,1.0,,0.0
2024-12-25,73.8,75.29,80.0,73.8,16324.0,125336.466,1.0,,0.0
2024-12-26,74.23,76.11,78.0,72.34,10822.0,81665.889,1.0,,0.0
2024-12-27,76.9,77.63,78.66,75.2,15520.0,119495.177,1.0,,0.0
2024-12-30,77.01,75.28,77.33,75.27,10368.0,78981.222,1.0,,0.0
2024-12-31,75.2,72.08,75.96,71.67,9615.0,70349.36,1.0,,0.0
2025-01-02,72.1,70.0,72.8,69.29,6564.0,46377.724,1.0,,0.0
2025-01-03,70.5,68.68,70.6,68.39,4725.0,32773.471,1.0,,0.0
2025-01-06,69.16,69.16,70.98,67.67,6665.6,45942.536,1.0,,0.0
2025-01-07,69.16,74.5,74.6,68.88,15872.6,115484.794,1.0,,0.0
2025-01-08,73.52,73.51,75.77,71.44,11005.0,80594.19,1.0,,0.0
2025-01-09,73.51,75.05,76.18,73.2,11358.0,85471.349,1.0,,0.0
2025-01-10,74.8,75.81,81.0,74.21,21163.0,165763.35,1.0,,0.0
2025-01-13,74.37,76.0,76.67,73.23,12136.8,90765.703,1.0,,0.0
2025-01-14,76.0,78.83,79.1,74.7,14831.0,115025.279,1.0,,0.0
2025-01-15,78.0,80.81,83.09,77.78,18918.0,153626.631,1.0,,0.0
2025-01-16,80.94,79.35,81.81,78.33,7908.0,63265.377,1.0,,0.0
2025-01-17,79.3,78.5,80.66,76.8,12627.0,99082.426,1.0,,0.0
2025-01-20,79.03,77.93,79.1,77.03,8680.0,67546.312,1.0,,0.0
2025-01-21,77.94,79.43,79.87,76.82,12186.95,95702.57,1.0,,0.0
2025-01-22,78.99,79.29,81.5,78.2,10924.0,87419.263,1.0,,0.0
2025-01-23,79.68,78.37,80.58,77.91,9524.0,75489.92,1.0,,0.0
2025-01-24,77.68,81.5,81.85,77.68,12495.55,100627.37,1.0,,0.0
2025-01-27,81.5,80.16,82.47,79.74,8730.0,70504.482,1.0,,0.0
2025-02-05,80.64,77.45,82.6,76.91,12929.0,102973.137,1.0,,0.0
2025-02-06,77.4,80.23,80.3,76.86,10962.0,87046.674,1.0,,0.0
2025-02-07,80.18,79.86,81.5,78.2,11586.55,92505.67,1.0,,0.0
2025-02-10,78.72,78.74,79.5,78.16,8204.4,64684.637,1.0,,0.0
2025-02-11,78.98,76.75,79.5,76.63,12080.0,93676.581,1.0,,0.0
2025-02-12,76.7,77.95,78.06,75.8,10406.0,80213.388,1.0,,0.0
2025-02-13,77.99,75.44,78.04,75.02,10835.0,82366.857,1.0,,0.0
2025-02-14,75.11,77.23,77.94,74.9,11988.0,91690.118,1.0,,0.0
2025-02-17,77.25,77.21,77.7,75.85,7250.0,55644.487,1.0,,0.0
2025-02-18,77.02,75.45,78.57,75.01,7897.0,60469.963,1.0,,0.0
2025-02-19,75.45,77.08,77.96,75.1,8569.0,66034.328,1.0,,0.0
2025-02-20,77.35,77.08,77.35,75.78,6824.25,52268.124,1.0,,0.0
2025-02-21,77.08,78.29,78.71,75.95,16409.0,127316.524,1.0,,0.0
2025-02-24,78.01,78.75,80.59,77.23,12992.4,102798.379,1.0,,0.0
2025-02-25,77.83,77.96,79.5,77.2,12671.0,99165.32,1.0,,0.0
2025-02-26,78.4,78.85,78.99,76.5,14609.0,113312.387,1.0,,0.0
2025-02-27,79.01,76.88,79.38,75.58,12930.0,100211.459,1.0,,0.0
2025-02-28,76.03,73.95,76.41,73.73,10027.0,75219.663,1.0,,0.0
2025-03-03,74.04,74.08,75.19,72.66,5752.0,42724.463,1.0,,0.0
2025-03-04,73.51,75.04,75.6,73.35,7522.0,56160.456,1.0,,0.0
2025-03-05,75.06,75.23,75.66,74.25,4823.0,36118.769,1.0,,0.0
2025-03-06,75.52,76.38,78.99,75.52,13476.0,103891.693,1.0,,0.0
2025-03-07,76.0,75.7,76.35,74.65,8708.0,65699.298,1.0,,0.0
2025-03-10,75.75,75.92,77.0,75.3,7307.0,55773.667,1.0,,0.0
2025-03-11,75.32,78.37,78.58,75.07,12683.0,97777.409,1.0,,0.0
2025-03-12,78.5,78.1,79.79,76.81,17752.8,138842.862,1.0,,0.0
2025-03-13,78.1,78.69,79.0,77.41,9356.0,73283.393,1.0,,0.0
2025-03-14,78.5,79.55,79.86,78.0,8716.0,68920.565,1.0,,0.0
2025-03-17,79.67,80.07,80.5,78.61,7964.0,63270.881,1.0,,0.0
2025-03-18,80.98,82.19,82.58,79.9,18658.26,151661.765,1.0,,0.0
2025-03-19,80.0,80.88,81.88,76.76,25292.25,199920.539,1.0,,0.0
2025-03-20,80.24,78.5,80.5,78.45,10058.26,79866.648,1.0,,0.0
2025-03-21,78.48,76.33,78.97,76.09,8063.26,62283.719,1.0,,0.0
2025-03-24,77.4,76.66,77.87,75.7,6639.0,50891.603,1.0,,0.0
2025-03-25,76.66,78.11,79.99,76.24,10964.0,85947.936,1.0,,0.0
2025-03-26,77.3,81.04,82.2,77.3,17785.26,142303.621,1.0,,0.0
2025-03-27,80.56,81.29,81.9,80.06,9309.0,75562.118,1.0,,0.0
2025-03-28,81.8,80.74,83.9,80.0,10871.0,89026.868,1.0,,0.0
2025-03-31,79.65,81.19,81.64,79.5,9839.0,79124.301,1.0,,0.0
2025-04-01,81.57,81.97,83.33,80.88,12311.0,101111.329,1.0,,0.0
2025-04-02,81.56,80.88,82.63,80.5,8417.0,68597.618,1.0,,0.0
2025-04-03,80.01,79.83,81.41,79.3,5947.0,47625.108,1.0,,0.0
2025-04-07,72.19,71.85,77.0,71.85,9404.0,68303.29,1.0,,0.0
2025-04-08,73.05,70.13,73.2,66.0,19563.0,134031.191,1.0,,0.0
2025-04-09,67.7,70.0,70.78,64.47,13227.0,90575.717,1.0,,0.0
2025-04-10,73.3,71.96,73.85,71.68,10355.0,75244.068,1.0,,0.0
2025-04-11,71.1,79.16,79.16,71.1,26113.55,201248.792,1.0,,0.0
2025-04-14,80.58,82.5,83.15,79.0,33931.55,275391.496,1.0,,0.0
2025-04-15,82.49,83.12,84.8,80.81,20247.0,167633.178,1.0,,0.0
2025-04-16,82.17,82.77,84.41,81.59,10979.0,91020.564,1.0,,0.0
2025-04-17,81.72,84.85,85.56,81.27,15845.0,134147.35,1.0,,0.0
2025-04-18,84.0,83.52,85.98,83.5,12541.55,106043.087,1.0,,0.0
2025-04-21,83.11,87.64,90.79,83.11,24323.0,213221.685,1.0,,0.0
2025-04-22,87.74,87.18,88.47,86.23,15561.0,135932.006,1.0,,0.0
2025-04-23,87.0,87.25,88.48,86.0,12438.0,108284.903,1.0,,0.0
2025-04-24,87.13,85.45,87.39,84.5,10358.86,88649.456,1.0,,0.0
2025-04-25,84.91,84.5,84.91,82.61,7016.0,58863.402,1.0,,0.0
2025-04-28,84.5,84.0,85.13,83.5,5081.0,42807.715,1.0,,0.0
2025-04-29,84.12,85.11,85.38,83.1,6589.86,55773.162,1.0,,0.0
2025-04-30,85.64,85.64,86.95,84.93,7802.0,67026.264,1.0,,0.0
2025-05-06,86.05,86.25,86.8,85.5,6838.0,58874.599,1.0,,0.0
2025-05-07,86.97,85.86,86.99,85.12,6746.0,57940.523,1.0,,0.0
2025-05-08,85.37,84.61,86.6,84.61,7693.0,65840.581,1.0,,0.0
2025-05-09,83.3,81.88,84.18,80.6,12558.01,103325.332,1.0,,0.0
2025-05-12,81.99,81.57,82.51,80.62,7668.01,62488.502,1.0,,0.0
2025-05-13,82.0,80.97,82.13,80.66,5447.0,44231.687,1.0,,0.0
2025-05-14,81.13,80.13,82.48,79.52,9741.0,78339.201,1.0,,0.0
2025-05-15,80.0,79.1,80.63,78.74,6421.0,51029.122,1.0,,0.0
2025-05-16,79.2,79.08,79.78,78.8,5812.0,46074.49,1.0,,0.0
2025-05-19,79.08,79.33,79.5,78.53,5238.26,41435.307,1.0,,0.0
2025-05-20,79.48,78.3,79.57,78.22,8180.0,64497.947,1.0,,0.0
2025-05-21,78.38,75.51,78.38,74.65,20391.0,154853.188,1.0,,0.0
2025-05-22,75.51,73.6,76.49,73.1,17693.0,131975.26,1.0,,0.0
2025-05-23,73.36,76.2,76.56,73.07,21184.0,159823.235,1.0,,0.0
2025-05-26,76.1,75.36,76.1,74.65,9896.0,74420.466,1.0,,0.0
2025-05-27,75.04,74.0,75.12,73.7,6825.0,50611.036,1.0,,0.0
2025-05-28,74.01,74.0,74.6,73.96,5040.0,37409.242,1.0,,0.0
2025-05-29,74.0,75.34,75.98,74.0,8202.0,61639.466,1.0,,0.0
2025-05-30,75.02,74.8,75.35,74.4,5008.0,37509.684,1.0,,0.0
2025-06-03,74.8,75.31,75.5,74.48,4810.0,36189.663,1.0,,0.0
2025-06-04,75.51,76.3,76.55,75.08,6549.0,49757.748,1.0,,0.0
2025-06-05,76.3,75.58,76.6,74.69,9257.72,69851.042,1.0,,0.0
2025-06-06,76.0,75.64,76.1,75.1,4887.0,36950.903,1.0,,0.0
2025-06-09,75.63,75.49,75.86,75.12,5416.0,40867.924,1.0,,0.0
2025-06-10,75.9,74.36,76.99,74.05,8156.0,61313.263,1.0,,0.0
2025-06-11,74.5,74.52,75.16,74.05,4589.0,34319.228,1.0,,0.0
2025-06-12,74.52,74.72,75.75,73.8,4726.0,35395.527,1.0,,0.0
2025-06-13,74.42,74.78,75.62,74.1,5573.0,41733.399,1.0,,0.0
2025-06-16,74.68,74.61,74.81,74.2,3818.0,28427.051,1.0,,0.0
2025-06-17,74.61,75.12,75.5,74.5,4278.0,32146.431,1.0,,0.0
2025-06-18,75.01,76.18,76.4,74.91,7039.81,53344.121,1.0,,0.0
2025-06-19,76.2,78.09,80.48,76.18,24197.0,191049.681,1.0,,0.0
2025-06-20,78.17,77.13,79.8,76.83,15477.81,121530.522,1.0,,0.0
2025-06-23,76.27,79.47,80.15,76.22,14154.0,111476.036,1.0,,0.0
2025-06-24,79.9,79.5,80.37,78.81,10623.0,84356.57,1.0,,0.0
2025-06-25,79.5,79.98,80.12,79.01,9782.0,77917.071,1.0,,0.0
2025-06-26,80.48,78.98,81.01,78.8,11875.0,94449.196,1.0,,0.0
2025-06-27,79.5,80.65,81.86,78.33,17579.0,141074.81,1.0,,0.0
2025-06-30,82.1,84.55,84.91,81.0,21452.07,178740.433,1.0,,0.0
2025-07-01,83.7,86.45,87.0,83.7,17576.0,151253.253,1.0,,0.0
2025-07-02,85.6,85.42,86.85,84.8,11177.0,95691.995,1.0,,0.0
2025-07-03,85.1,85.99,86.5,84.2,8970.0,76587.907,1.0,,0.0
2025-07-04,85.2,85.5,88.33,84.6,11045.0,95159.612,1.0,,0.0
2025-07-07,85.9,87.18,89.86,83.8,18070.0,156933.3,1.0,,0.0
2025-07-08,87.2,87.89,88.5,86.2,12124.0,105880.891,1.0,,0.0
2025-07-09,87.87,87.41,90.88,86.68,11293.0,99639.865,1.0,,0.0
2025-07-10,86.71,87.09,87.47,85.75,9860.0,85257.991,1.0,,0.0
2025-07-11,87.0,86.99,87.99,86.21,7666.0,66816.645,1.0,,0.0
2025-07-14,86.62,87.78,88.2,86.47,7114.0,62207.04,1.0,,0.0
2025-07-15,88.93,86.49,89.49,83.34,15322.0,131795.781,1.0,,0.0
2025-07-16,85.96,86.38,88.18,85.63,12108.0,105273.37,1.0,,0.0
2025-07-17,86.38,85.66,86.97,85.56,7945.0,68246.287,1.0,,0.0
2025-07-18,85.98,89.22,89.29,85.78,16350.0,143552.534,1.0,,0.0
2025-07-21,88.38,88.78,89.68,87.3,9029.0,79947.05,1.0,,0.0
2025-07-22,88.29,87.95,89.17,87.5,7718.0,68002.518,1.0,,0.0
2025-07-23,88.17,89.32,90.18,87.31,10505.0,93701.303,1.0,,0.0
2025-07-24,89.5,89.68,91.27,88.8,14521.0,130679.861,1.0,,0.0
2025-07-25,89.92,90.68,91.0,88.33,16216.0,145244.426,1.0,,0.0
2025-07-28,90.5,91.49,92.8,89.6,13560.0,124095.615,1.0,,0.0
2025-07-29,90.91,91.0,93.79,90.62,14216.0,131009.431,1.0,,0.0
2025-07-30,89.51,89.0,90.5,88.0,14305.0,127623.001,1.0,,0.0
2025-07-31,88.53,89.01,90.98,88.51,10421.0,93561.807,1.0,,0.0
2025-08-01,89.9,91.22,92.5,89.11,11732.0,107127.629,1.0,,0.0
2025-08-04,91.01,93.45,93.45,90.51,10655.0,98212.564,1.0,,0.0
2025-08-05,93.47,92.4,93.77,92.03,8260.0,76474.987,1.0,,0.0
2025-08-06,92.05,93.31,94.56,91.9,9321.0,86692.295,1.0,,0.0
2025-08-07,92.95,95.34,100.85,92.94,30703.0,296888.099,1.0,,0.0
2025-08-08,94.02,96.2,96.81,93.9,16975.0,161909.993,1.0,,0.0
2025-08-11,96.0,95.31,96.85,94.12,13120.0,125376.429,1.0,,0.0
2025-08-12,95.31,96.57,98.0,93.01,17953.0,171772.49,1.0,,0.0
2025-08-13,96.33,96.23,98.8,95.79,14878.0,143968.946,1.0,,0.0
2025-08-14,95.8,94.87,97.0,94.6,12367.0,118380.119,1.0,,0.0
2025-08-15,94.9,95.04,97.15,94.73,13060.0,124773.479,1.0,,0.0
2025-08-18,95.05,98.4,99.5,95.05,15783.0,154031.776,1.0,,0.0
2025-08-19,97.8,96.78,98.77,95.35,11998.25,115753.058,1.0,,0.0
2025-08-20,96.65,99.27,99.84,95.36,13111.0,128506.646,1.0,,0.0
2025-08-21,99.0,98.28,99.94,97.7,11166.0,110324.493,1.0,,0.0
2025-08-22,98.39,102.17,102.5,98.39,17913.0,180094.337,1.0,,0.0
2025-08-25,102.88,102.07,109.8,101.03,24209.0,252134.912,1.0,,0.0
2025-08-26,101.76,104.95,106.44,100.6,18111.0,188516.733,1.0,,0.0
2025-08-27,104.11,106.0,111.29,103.1,22080.85,235989.302,1.0,,0.0
2025-08-28,105.4,111.0,111.0,104.69,23348.45,252678.528,1.0,,0.0
2025-08-29,115.4,107.9,116.86,106.86,28284.45,312608.448,1.0,,0.0
2025-09-01,107.91,111.9,112.49,107.67,24065.0,265467.472,1.0,,0.0
2025-09-02,110.0,104.42,112.48,102.39,22327.71,236907.815,1.0,,0.0
2025-09-03,105.49,106.5,109.61,104.43,17751.95,189483.987,1.0,,0.0
2025-09-04,105.83,99.15,106.2,96.89,19265.45,195720.632,1.0,,0.0
2025-09-05,99.87,102.88,103.05,98.51,13880.5,139666.857,1.0,,0.0
2025-09-08,102.88,106.55,106.71,102.11,13741.0,144501.929,1.0,,0.0
2025-09-09,106.0,103.44,106.2,102.25,11694.0,121785.241,1.0,,0.0
2025-09-10,103.47,103.68,105.44,102.16,8598.0,89450.696,1.0,,0.0
2025-09-11,103.7,106.86,107.28,102.2,15038.0,158388.718,1.0,,0.0
2025-09-12,106.82,107.11,108.4,105.21,10939.23,117178.272,1.0,,0.0
2025-09-15,108.0,104.31,108.72,104.0,12087.0,127545.922,1.0,,0.0
2025-09-16,104.99,106.74,108.3,103.54,12631.5,134293.084,1.0,,0.0
2025-09-17,106.99,111.0,111.56,105.53,15993.3,174226.053,1.0,,0.0
2025-09-18,110.9,109.19,115.5,108.2,21499.0,240839.882,1.0,,0.0
2025-09-19,110.93,109.6,113.7,108.56,14144.5,157411.601,1.0,,0.0
2025-09-22,110.36,110.05,111.0,107.5,10730.77,117843.008,1.0,,0.0
2025-09-23,114.14,120.01,120.07,111.18,56272.43,650625.586,1.0,,0.0
2025-09-24,117.98,125.66,132.01,116.02,66800.74,821546.357,1.0,,0.0
2025-09-25,124.4,120.9,124.4,120.02,39529.0,480804.42,1.0,,0.0
2025-09-26,121.99,129.45,132.99,121.99,54708.52,700796.43,1.0,,0.0
2025-09-29,125.0,128.0,131.16,125.0,39081.28,498406.412,1.0,,0.0
2025-09-30,128.37,125.0,128.56,124.09,29307.0,369250.557,1.0,,0.0
2025-10-09,128.0,137.5,137.5,127.5,30649.32,410434.43,1.0,,0.0
2025-10-10,134.23,141.0,142.28,132.3,44177.03,608603.44,1.0,,0.0
2025-10-13,133.03,141.6,143.98,131.53,38539.56,527942.058,1.0,,0.0
2025-10-14,140.18,127.44,143.02,127.44,35037.1,470265.625,1.0,,0.0
2025-10-15,127.54,133.95,135.77,124.0,28964.18,374674.862,1.0,,0.0
2025-10-16,132.18,139.5,146.44,132.18,37631.91,533627.444,1.0,,0.0
2025-10-17,139.5,138.35,146.0,137.52,23694.0,332252.684,1.0,,0.0
2025-10-20,140.94,135.27,140.94,134.3,23561.0,322740.462,1.0,,0.0
2025-10-21,136.0,135.03,139.44,133.77,22809.33,309735.649,1.0,,0.0
2025-10-22,133.33,139.31,141.9,132.23,21179.27,290893.691,1.0,,0.0
2025-10-23,137.51,132.2,138.34,131.3,16823.0,224551.122,1.0,,0.0
2025-10-24,132.5,134.4,136.76,132.5,20277.27,273146.093,1.0,,0.0
2025-10-27,136.5,146.0,146.66,135.53,30173.93,426660.748,1.0,,0.0
2025-10-28,143.23,146.15,150.23,143.23,26798.55,393469.352,1.0,,0.0
2025-10-29,143.2,142.65,144.81,136.88,33587.0,472008.779,1.0,,0.0
2025-10-30,142.0,138.29,143.18,136.0,27031.0,376858.943,1.0,,0.0
2025-10-31,138.3,132.84,138.96,129.29,24088.0,319595.633,1.0,,0.0
2025-11-03,131.3,127.34,131.3,124.8,24465.08,310973.647,1.0,,0.0
2025-11-04,127.6,123.2,128.5,121.93,16639.14,206292.747,1.0,,0.0
2025-11-05,120.02,122.7,123.66,120.01,11419.5,139115.022,1.0,,0.0
2025-11-06,123.55,134.97,134.97,123.55,27265.56,355473.428,1.0,,0.0
2025-11-07,137.4,136.94,140.0,134.97,29932.96,411767.404,1.0,,0.0
2025-11-10,136.95,133.01,137.99,128.89,17985.4,238192.756,1.0,,0.0
2025-11-11,132.65,132.2,136.9,131.73,16170.0,216489.634,1.0,,0.0
2025-11-12,130.85,130.0,133.94,127.27,11958.0,155910.002,1.0,,0.0
2025-11-13,129.02,128.0,133.2,127.88,13899.0,180005.945,1.0,,0.0
2025-11-14,127.6,125.01,128.88,124.58,10824.7,136519.59,1.0,,0.0
2025-11-17,125.19,123.13,126.33,122.6,11017.0,136840.786,1.0,,0.0
2025-11-18,124.36,126.1,129.27,123.28,14371.91,181671.904,1.0,,0.0
2025-11-19,125.5,123.54,126.87,123.4,9234.07,115253.954,1.0,,0.0
2025-11-20,124.16,124.05,126.5,122.58,9048.71,112158.265,1.0,,0.0
2025-11-21,122.36,123.48,125.98,121.06,18786.0,232485.411,1.0,,0.0
2025-11-24,124.0,124.49,126.81,122.33,9999.0,124538.629,1.0,,0.0
2025-11-25,125.5,124.7,128.39,124.3,11147.58,140895.344,1.0,,0.0
2025-11-26,123.5,123.45,126.81,121.5,8791.46,109189.967,1.0,,0.0
2025-11-27,123.57,123.28,126.8,123.13,10760.0,134605.218,1.0,,0.0
2025-11-28,122.53,126.04,127.75,122.5,11460.0,144129.356,1.0,,0.0
2025-12-01,126.2,125.55,126.34,123.0,10763.0,133808.982,1.0,,0.0
2025-12-02,125.25,125.44,127.2,124.01,7065.0,88751.232,1.0,,0.0
2025-12-03,125.12,127.58,129.24,125.12,11153.0,142364.153,1.0,,0.0
2025-12-04,127.0,134.6,138.8,125.8,30060.2,401862.105,1.0,,0.0
2025-12-05,134.0,134.03,135.59,130.65,13047.0,174219.705,1.0,,0.0
2025-12-08,134.01,136.67,138.5,131.88,19210.0,261778.989,1.0,,0.0
2025-12-09,136.77,135.05,139.35,134.41,12805.33,175023.31,1.0,,0.0
2025-12-10,135.13,135.83,136.0,131.9,10091.0,135169.847,1.0,,0.0
2025-12-11,136.2,132.71,136.24,132.0,6935.0,93205.77,1.0,,0.0
2025-12-12,132.88,133.52,134.64,128.9,14437.0,189992.435,1.0,,0.0
2025-12-15,132.55,133.66,136.38,131.0,8693.0,116249.224,1.0,,0.0
2025-12-16,133.5,131.55,135.2,129.0,11291.0,148342.205,1.0,,0.0
2025-12-17,132.01,131.55,134.79,127.7,16208.81,212931.163,1.0,,0.0
2025-12-18,131.0,136.9,141.4,130.81,21374.0,295689.611,1.0,,0.0
2025-12-19,138.82,136.34,138.82,133.28,13229.0,180367.032,1.0,,0.0
2025-12-22,136.5,142.4,145.5,136.01,27977.89,397593.083,1.0,,0.0
2025-12-23,143.0,141.56,145.46,140.88,11289.7,161355.737,1.0,,0.0
2025-12-24,142.4,144.68,146.71,141.08,17666.0,254500.58,1.0,,0.0
2025-12-25,144.08,146.52,148.39,143.33,12121.0,176835.531,1.0,,0.0
2025-12-26,145.5,142.0,146.63,140.43,13610.0,194214.313,1.0,,0.0
2025-12-29,141.68,140.64,142.68,139.6,7174.0,101111.894,1.0,,0.0
2025-12-30,140.1,139.01,143.5,138.8,8513.48,119645.686,1.0,,0.0
2025-12-31,140.12,140.4,143.48,137.71,12816.38,180951.137,1.0,,0.0
2026-01-05,142.8,154.44,154.44,142.46,31632.0,479718.028,1.0,,0.0
2026-01-06,162.14,169.88,169.88,162.0,28183.06,472805.924,1.0,,0.0
2026-01-07,171.0,173.42,178.0,165.01,55449.48,942108.294,1.0,,0.0
2026-01-08,168.68,181.0,187.19,168.68,48203.31,877950.29,1.0,,0.0
2026-01-09,180.09,187.06,193.3,180.09,37355.93,698046.101,1.0,,0.0
2026-01-12,190.39,188.6,193.97,184.2,34924.02,657668.655,1.0,,0.0
2026-01-13,186.3,191.12,199.19,180.0,29731.0,569061.936,1.0,,0.0
2026-01-14,191.95,200.0,203.99,191.95,26052.7,514819.794,1.0,,0.0
2026-01-15,205.84,201.7,207.0,192.55,35015.0,692667.455,1.0,,0.0
2026-01-16,204.5,221.87,221.87,200.35,37943.55,806065.459,1.0,,0.0
2026-01-19,228.88,244.06,244.06,224.9,44716.27,1047823.103,1.0,,0.0
2026-01-20,233.55,261.13,265.01,232.9,46253.44,1149095.654,1.0,,0.0
2026-01-21,255.29,271.28,276.0,245.8,44562.97,1155299.234,1.0,,0.0
2026-01-22,270.0,264.0,275.32,258.08,33623.93,892208.869,1.0,,0.0
2026-01-23,263.61,278.6,281.88,262.0,34857.0,943416.572,1.0,,0.0
2026-01-26,278.08,254.0,281.88,253.02,42717.05,1126598.649,1.0,,0.0
2026-01-27,250.94,279.4,279.4,250.94,31362.03,840717.336,1.0,,0.0
2026-01-28,292.92,299.5,303.0,280.0,39794.02,1165432.337,1.0,,0.0
2026-01-29,298.0,303.69,317.65,295.01,36241.02,1109422.446,1.0,,0.0
2026-01-30,298.89,300.68,318.88,298.66,31492.0,964262.113,1.0,,0.0
2026-02-02,291.64,275.27,295.02,275.02,34993.45,995249.376,1.0,,0.0
2026-02-03,285.0,280.46,286.98,269.37,31740.03,878950.829,1.0,,0.0
2026-02-04,273.0,285.24,287.0,272.96,20162.03,567938.05,1.0,,0.0
2026-02-05,278.8,297.52,301.78,278.8,31019.7,908515.508,1.0,,0.0
2026-02-06,288.55,280.0,295.36,270.0,35097.32,984472.985,1.0,,0.0
2026-02-09,283.53,277.08,284.1,268.92,27415.0,752072.79,1.0,,0.0
2026-02-10,276.93,278.8,283.67,270.39,19601.15,543325.469,1.0,,0.0
2026-02-11,274.92,266.9,281.56,266.71,26049.44,707466.083,1.0,,0.0
2026-02-12,270.24,271.5,281.44,270.24,24277.0,668331.165,1.0,,0.0
2026-02-13,269.68,269.1,276.94,267.1,17571.0,478082.296,1.0,,0.0
2026-02-24,266.0,261.2,272.0,260.8,15844.15,417608.654,1.0,,0.0
2026-02-25,261.72,267.69,272.0,255.59,21691.5,572394.978,1.0,,0.0
2026-02-26,267.4,275.8,280.55,264.0,18775.0,511594.811,1.0,,0.0
2026-02-27,269.98,273.79,276.0,264.7,15267.0,414331.457,1.0,,0.0
2026-03-02,269.0,275.44,284.41,268.62,18014.0,494685.506,1.0,,0.0
2026-03-03,268.03,259.6,281.82,257.02,18957.58,504976.694,1.0,,0.0
2026-03-04,255.01,256.35,262.79,253.88,12790.0,329703.0,1.0,,0.0
2026-03-05,262.0,268.09,273.73,260.25,20321.58,545097.641,1.0,,0.0
2026-03-06,263.68,268.55,273.18,263.68,14420.0,388978.294,1.0,,0.0
2026-03-09,263.5,265.27,272.0,258.83,20378.0,536089.388,1.0,,0.0
2026-03-10,270.0,271.4,275.88,265.31,15546.0,421430.483,1.0,,0.0
2026-03-11,274.43,244.26,274.68,244.26,46102.0,1136780.626,1.0,,0.0
2026-03-12,240.22,240.86,250.46,238.01,32687.0,796381.176,1.0,,0.0
2026-03-13,237.01,235.01,241.56,235.01,16283.0,387163.991,1.0,,0.0
2026-03-16,234.59,245.67,248.54,232.11,23117.0,556027.789,1.0,,0.0
2026-03-17,245.68,240.93,247.55,240.3,10090.0,246172.692,1.0,,0.0
2026-03-18,243.0,249.5,252.9,241.41,12764.0,316085.565,1.0,,0.0
2026-03-19,245.98,247.05,253.8,242.68,14486.0,359602.748,1.0,,0.0
2026-03-20,247.8,243.6,251.98,240.93,12461.0,307135.552,1.0,,0.0
2026-03-23,237.51,225.4,240.0,223.41,13351.0,307428.384,1.0,,0.0
2026-03-24,229.87,235.83,238.56,223.0,14174.0,328240.193,1.0,,0.0
2026-03-25,238.78,251.3,251.88,237.5,21048.5,522044.263,1.0,,0.0
2026-03-26,250.38,256.79,268.78,248.6,30611.98,799631.099,1.0,,0.0
2026-03-27,252.5,258.79,262.65,247.01,19992.0,511850.173,1.0,,0.0
2026-03-30,255.0,284.67,284.67,252.46,24360.98,663306.27,1.0,,0.0
2026-03-31,288.2,270.33,290.0,265.34,31400.98,860703.046,1.0,,0.0
2026-04-01,279.92,278.88,297.0,272.07,32845.63,919351.503,1.0,,0.0
2026-04-02,277.61,272.0,277.78,267.05,15045.0,408097.646,1.0,,0.0
2026-04-03,270.36,263.32,275.46,260.66,15478.0,411388.44,1.0,,0.0
2026-04-07,263.32,266.47,270.02,263.0,11018.0,293886.623,1.0,,0.0
2026-04-08,276.01,287.5,289.98,270.9,23205.0,652584.084,1.0,,0.0
2026-04-09,276.55,315.18,316.25,273.6,43095.51,1295008.588,1.0,,0.0
2026-04-10,314.9,308.49,318.49,302.5,28603.34,886001.276,1.0,,0.0
2026-04-13,304.52,307.4,311.96,299.0,19901.0,605298.617,1.0,,0.0
2026-04-14,308.0,338.14,338.14,305.23,24695.98,807857.246,1.0,,0.0
2026-04-15,347.99,333.66,349.0,331.77,22457.77,759259.742,1.0,,0.0
2026-04-16,231.64,245.98,252.84,220.1,52760.0,1259896.936,1.0,,0.0
2026-04-17,250.9,243.9,251.89,239.01,41540.05,1017464.629,1.0,,0.0
2026-04-20,245.0,240.78,248.8,236.86,36630.05,887503.775,1.0,,0.0
2026-04-21,240.0,247.35,249.89,237.3,31925.82,780279.141,1.0,,0.0
2026-04-22,248.5,249.89,250.88,241.5,28017.26,688579.844,1.0,,0.0
2026-04-23,247.76,246.44,253.2,243.6,25092.0,622523.366,1.0,,0.0
2026-04-24,244.44,248.59,258.0,244.44,33258.67,839985.444,1.0,,0.0
2026-04-27,248.8,255.35,255.97,239.0,43444.05,1091724.199,1.0,,0.0
2026-04-28,250.21,266.9,275.0,246.05,38998.6,1036084.493,1.0,,0.0
2026-04-29,262.38,252.61,268.0,248.89,33942.39,865600.211,1.0,,0.0
2026-04-30,250.65,254.85,263.2,249.0,29672.99,758905.928,1.0,,0.0
2026-05-06,259.44,258.02,265.5,249.88,36615.5,948763.541,1.0,,0.0
2026-05-07,258.0,266.29,270.0,254.08,30356.55,801663.102,1.0,,0.0
2026-05-08,262.01,259.09,266.0,254.5,26180.43,677899.16,1.0,,0.0
2026-05-11,262.47,284.99,285.0,261.68,461882200.0,12698238970.000002,1.0,,0.0
2026-05-12,281.19,313.49,313.49,277.23,49796.89,1497944.368,1.0,,0.0
2026-05-13,313.22,323.0,330.3,306.01,43687.44,1382606.142,1.0,,0.0
2026-05-14,322.21,306.0,326.36,304.9,28138.47,879006.92,1.0,,0.0
2026-05-15,310.0,309.79,320.0,283.04,39618.01,1206869.529,1.0,,0.0
2026-05-18,301.81,301.62,313.0,297.0,37375.85,1129612.378,1.0,,0.0
2026-05-19,305.0,316.9,319.69,292.5,37404.5,1154120.955,1.0,,0.0
2026-05-20,314.49,348.59,348.59,314.49,33904.38,1136928.621,1.0,,0.0
2026-05-21,350.0,316.0,366.0,315.0,54729.82,1882568.908,1.0,,0.0
2026-05-22,318.77,315.5,325.0,311.0,43086.64,1367554.843,1.0,,0.0
2026-05-25,317.9,324.91,333.98,311.0,32499.4,1051737.157,1.0,,0.0
2026-05-26,320.0,308.69,320.0,299.0,34195.25,1050185.959,1.0,,0.0
2026-05-27,311.59,295.0,316.97,291.01,38100.9,1156307.802,1.0,,0.0
2026-05-28,296.82,300.21,304.89,289.2,26624.45,788874.003,1.0,,0.0
2026-05-29,302.02,295.0,306.66,291.0,26192.1,780308.827,1.0,,0.0
2026-06-01,288.42,288.14,301.18,280.78,24024.37,697790.68,1.0,,0.0
2026-06-02,288.07,291.97,298.66,286.21,20300.47,594422.353,1.0,,0.0
2026-06-03,295.09,298.0,309.92,292.06,30289.4,910603.57,1.0,,0.0
2026-06-04,293.0,317.6,317.98,290.12,34536.73,1064171.766,1.0,,0.0
2026-06-05,310.02,296.13,313.95,295.06,28074.3,854601.273,1.0,,0.0
2026-06-08,268.63,286.6,299.01,268.63,23997.0,693261.251,1.0,,0.0
2026-06-09,298.0,306.16,307.7,291.77,21487.3,645098.518,1.0,,0.0
2026-06-10,303.0,319.0,331.88,301.08,39501.5,1259606.5,1.0,,0.0
2026-06-11,317.4,322.06,328.88,312.23,23996.43,773685.434,1.0,,0.0
2026-06-12,333.33,314.18,336.66,310.49,26433.7,853322.851,1.0,,0.0
2026-06-15,318.0,337.45,344.2,310.51,29871.44,997330.409,1.0,,0.0
2026-06-16,339.5,336.7,344.16,327.0,21139.25,709435.695,1.0,,0.0
2026-06-17,331.0,340.24,348.0,328.69,29850.9,1007826.133,1.0,,0.0
2026-06-18,337.06,350.8,363.0,336.7,23326.96,827727.817,1.0,,0.0
2026-06-22,358.95,339.8,364.8,328.08,35650.6,1229956.683,1.0,,0.0
2026-06-24,350.0,387.09,387.09,350.0,30900.98,1159592.445,1.0,,0.0
2026-06-25,405.0,400.05,415.0,391.96,31583.63,1271260.423,1.0,,0.0
2026-06-26,398.04,415.05,435.28,392.04,31778.35,1323099.326,1.0,,0.0
2026-06-29,413.16,456.56,456.56,410.0,38900.28,1738056.098,1.0,,0.0
2026-06-30,470.0,502.22,502.22,456.6,39254.71,1892531.85,1.0,,0.0
2026-07-01,505.0,523.0,550.0,488.04,43137.26,2207176.46,1.0,,0.0
2026-07-03,452.18,472.73,489.1,440.0,41689.19,1931558.177,1.0,,0.0
2026-07-06,472.73,462.0,491.71,451.02,30468.53,1434548.373,1.0,,0.0
2026-07-07,451.16,448.49,461.5,428.0,40495.55,1806210.595,1.0,,0.0
2026-07-08,448.0,443.22,473.01,431.29,31249.57,1413024.356,1.0,,0.0
2026-07-09,449.24,487.54,487.54,444.44,34164.8,1588941.594,1.0,,0.0
2026-07-10,500.0,448.75,509.01,448.75,38526.4,1849161.781,1.0,,0.0
2026-07-14,408.0,401.95,420.88,386.0,43859.0,1766520.247,1.0,,0.0
2026-07-15,411.99,373.84,418.95,367.03,50710.35,1958432.405,1.0,,0.0
2026-07-16,368.09,338.0,375.88,337.02,43817.16,1558687.217,1.0,,0.0
2026-07-17,343.0,305.25,346.0,305.0,46078.05,1494590.214,1.0,,0.0
2026-07-20,320.51,283.08,327.98,275.47,47535.43,1436575.796,1.0,,0.0
2026-07-21,287.58,311.39,311.39,258.35,41421.64,1198040.286,1.0,,0.0
2026-07-22,322.0,314.37,335.5,307.7,76222.46,2467380.119,1.0,,0.0
2026-07-23,319.66,298.56,319.66,293.03,40603.25,1228196.205,1.0,,0.0
2026-07-24,292.1,294.6,308.5,286.03,36262.25,1078197.309,1.0,,0.0
2026-07-27,300.0,308.19,311.24,279.02,42013.1,1263109.402,1.0,,0.0
2026-07-28,303.7,277.37,311.97,277.37,36708.2,1069370.272,1.0,,0.0
2026-07-29,275.11,270.09,283.0,252.7,42365.48,1131466.54,1.0,,0.0
2026-07-30,265.84,243.98,272.95,243.08,43836.42,1110499.347,1.0,,0.0
2026-07-31,264.04,263.39,268.38,250.0,55510.4,1469521.722,1.0,,0.0
2026-08-03,255.1,242.04,261.98,241.09,47935.21,1198934.173,1.0,,0.0
2026-08-04,245.68,266.24,266.24,241.5,29361.57,758612.085,1.0,,0.0
2026-08-05,279.55,292.86,292.86,273.89,14765.15,424510.029,1.0,,0.0
2026-08-06,290.0,307.73,314.98,288.88,53621.25,1642091.492,1.0,,0.0
2026-08-07,307.58,316.7,321.52,300.66,43167.0,1350228.196,1.0,,0.0
2026-08-10,316.7,319.99,328.98,313.16,46650.29,1495093.931,1.0,,0.0
2026-08-11,315.0,319.48,336.36,314.0,38190.2,1248264.835,1.0,,0.0
2026-08-12,325.87,327.76,332.66,317.5,27415.2,896332.319,1.0,3.1512,0.0
2026-08-13,336.0,337.98,360.0,336.0,38288.63,1328574.351,1.0,4.4,0.0
2026-08-14,342.0,333.22,343.45,322.07,36753.62,1214827.004,1.0,4.22,0.0
2026-08-17,333.22,357.23,357.9,333.22,48665.31,1708431.601,1.0,0.0,0.0
2026-08-18,358.0,366.85,369.99,352.0,40989.0,1472359.387,1.0,0.0,0.0
2026-08-19,348.55,330.17,356.89,330.17,35407.0,1209450.018,1.0,0.0,0.0
2026-08-20,331.0,353.76,356.99,319.0,48566.18,1670031.767,1.0,5.5823,5.5823
2026-08-21,348.03,365.99,371.98,338.9,56857.92,2004138.215,1.0,6.5354,6.5354
2026-08-24,368.0,347.3,368.68,333.0,55591.6,1937110.588,1.0,6.3898,6.3898
2026-08-25,335.0,339.57,347.0,328.01,38434.89,1305196.839,1.0,4.4178,4.4178
2026-08-26,339.57,347.29,361.89,333.0,43555.31,1516996.359,1.0,5.0064,5.0064
2026-08-27,344.84,356.9,359.28,337.66,40586.78,1427705.991,1.0,4.6651,4.6651
2026-08-28,356.89,337.46,362.0,337.0,36434.93,1258088.691,1.0,4.1879,4.1879
2026-08-31,325.0,342.18,343.48,322.0,32398.8,1080661.27,1.0,3.724,3.724
2026-09-01,344.28,332.04,344.88,323.62,32592.27,1085378.232,1.0,3.7462,3.7462
2026-09-02,323.61,325.0,333.0,318.65,28321.0,920377.256,1.0,3.2553,3.2553
2026-09-03,330.0,330.26,337.96,319.1,30205.35,993112.873,1.0,3.4719,3.4719
2026-09-04,336.87,308.31,336.88,304.0,39985.09,1270006.265,1.0,4.596,4.596
2026-09-07,315.0,322.51,324.94,309.0,34369.56,1095380.637,1.0,3.9505,3.9505
2026-09-08,323.0,318.04,333.37,316.3,29914.25,965902.337,1.0,3.4384,3.4384
2026-09-09,319.99,316.2,329.0,313.55,21113.89,674975.202,1.0,2.4269,2.4269
2026-09-10,313.21,315.35,321.96,310.0,17012.08,539360.027,1.0,1.9554,1.9554
2026-09-11,309.7,303.72,311.99,292.0,33919.15,1020771.533,1.0,3.8988,3.8988
2026-09-14,299.09,302.92,307.0,295.3,24223.45,730885.981,1.0,2.7843,2.7843
2026-09-15,302.21,310.0,322.0,300.0,30475.6,946064.482,1.0,3.5029,3.5029
2026-09-16,312.88,328.5,338.89,310.0,43689.21,1418692.052,1.0,5.0217,5.0217
2026-09-17,328.54,350.48,361.0,328.54,63779.31,2245247.09,1.0,7.331,7.331
